vuln_id,asset_id,cve_id,cvss,discovered_date,patched_date,exploited_flag
1,147,CVE-2019-86498,8.3,2024-10-23,2025-05-14,0
2,294,CVE-2018-23946,6.0,2023-08-26,2024-03-05,0
3,214,CVE-2024-65930,6.4,2025-05-07,2025-05-23,0
4,96,CVE-2018-40110,4.8,2025-02-05,2025-02-21,0
5,291,CVE-2022-60552,6.2,2024-09-09,2024-12-10,0
6,279,CVE-2025-36761,7.3,2024-06-20,2024-07-31,0
7,99,CVE-2025-85972,10.0,2025-04-08,2025-05-26,1
8,132,CVE-2023-39669,2.1,2025-01-05,2025-07-19,0
9,291,CVE-2024-57059,6.6,2024-11-21,2025-05-03,0
10,264,CVE-2019-25219,4.8,2023-12-02,2024-05-28,0
11,72,CVE-2018-35181,4.8,2024-05-03,2024-07-12,0
12,197,CVE-2023-40576,7.7,2023-08-30,2023-11-13,0
13,299,CVE-2023-91802,7.8,2025-01-10,2025-03-24,0
14,121,CVE-2022-21934,6.6,2023-03-05,2023-07-09,1
15,208,CVE-2022-91477,4.3,2024-12-03,2025-07-27,0
16,61,CVE-2021-29721,4.9,2024-10-16,2025-03-29,1
17,69,CVE-2023-55505,6.0,2024-05-04,2024-11-18,0
18,282,CVE-2021-33435,6.2,2024-04-27,2024-10-21,0
19,42,CVE-2023-11237,7.1,2024-06-22,2024-12-26,1
20,289,CVE-2021-76065,5.6,2023-04-25,2023-09-19,0
21,275,CVE-2025-16235,7.7,2023-06-03,2024-01-14,0
22,106,CVE-2025-8292,7.6,2025-01-04,2025-02-03,1
23,233,CVE-2018-74242,8.6,2023-05-16,2023-09-16,0
24,237,CVE-2024-34352,6.0,2024-11-19,2024-12-01,1
25,2,CVE-2018-56534,6.6,2025-02-02,2025-02-27,1
26,177,CVE-2019-62875,5.7,2024-12-18,2025-01-09,0
27,17,CVE-2020-85085,4.4,2023-10-21,2024-05-11,0
28,216,CVE-2024-50236,10.0,2024-01-19,2024-09-04,0
29,42,CVE-2020-86660,8.3,2024-11-30,2025-04-24,0
30,179,CVE-2020-96401,7.6,2023-05-02,2023-08-17,0
31,115,CVE-2022-61686,6.0,2025-05-04,2025-05-16,0
32,279,CVE-2021-33441,4.2,2024-03-10,2024-10-13,0
33,236,CVE-2019-5222,8.0,2023-12-21,2024-02-14,0
34,215,CVE-2019-14224,5.7,2024-09-21,2024-11-19,0
35,18,CVE-2018-33077,6.8,2024-04-02,2024-10-06,0
36,23,CVE-2021-99878,4.9,2024-02-16,2024-07-10,0
37,29,CVE-2023-76690,6.5,2023-05-24,2023-07-29,0
38,165,CVE-2021-55206,5.0,2023-08-31,2023-10-13,1
39,154,CVE-2020-83050,5.1,2023-10-09,2024-03-15,0
40,219,CVE-2024-69742,6.5,2024-07-23,2024-10-26,1
41,164,CVE-2022-50343,3.1,2024-12-14,2025-01-28,1
42,95,CVE-2021-40418,3.2,2025-02-11,2025-04-20,1
43,74,CVE-2024-55592,4.6,2025-04-05,2025-04-26,0
44,286,CVE-2022-27651,5.6,2024-06-26,2024-09-03,0
45,170,CVE-2023-13119,7.7,2024-10-24,2025-02-23,0
46,275,CVE-2024-89299,5.7,2025-01-11,2025-03-27,0
47,21,CVE-2021-63835,6.0,2025-06-13,2026-01-11,0
48,107,CVE-2018-28762,5.4,2025-06-09,2026-02-03,0
49,98,CVE-2025-32797,6.6,2025-01-29,2025-08-17,0
50,105,CVE-2022-50894,4.3,2024-02-11,2024-05-10,0
51,239,CVE-2022-48139,5.8,2024-06-30,2024-09-23,0
52,263,CVE-2025-42973,6.8,2024-05-24,2024-12-22,1
53,105,CVE-2021-98157,6.4,2024-01-15,2024-02-02,0
54,75,CVE-2024-39691,6.0,2023-01-17,2023-06-22,0
55,79,CVE-2021-66444,6.0,2023-07-20,2023-11-01,0
56,282,CVE-2025-95838,7.0,2024-11-01,2025-01-12,0
57,252,CVE-2023-23185,10.0,2024-04-16,2024-11-12,0
58,72,CVE-2018-69674,4.5,2025-01-07,2025-03-02,1
59,18,CVE-2018-1836,10.0,2025-05-09,2025-11-03,0
60,212,CVE-2020-2198,4.4,2023-05-21,2023-06-14,0
61,112,CVE-2025-87413,1.8,2024-06-01,2024-06-23,0
62,250,CVE-2024-2553,4.9,2023-01-17,2023-06-14,0
63,9,CVE-2022-3246,6.7,2024-06-26,2024-11-17,0
64,258,CVE-2020-15026,9.8,2025-04-12,2025-08-07,1
65,50,CVE-2022-47457,4.2,2024-06-20,2024-08-15,1
66,137,CVE-2024-61161,7.0,2025-03-25,2025-07-05,1
67,290,CVE-2019-86686,3.4,2023-09-07,2023-11-29,1
68,17,CVE-2025-8355,9.7,2023-04-06,2023-07-18,1
69,5,CVE-2024-85529,8.4,2024-12-20,2025-05-03,1
70,170,CVE-2018-31115,5.1,2024-08-02,2024-12-22,0
71,109,CVE-2025-36532,2.6,2025-06-07,2025-11-06,1
72,24,CVE-2018-24508,8.7,2023-03-18,2023-06-04,1
73,162,CVE-2024-11084,5.8,2023-01-17,2023-03-01,0
74,154,CVE-2024-89740,8.5,2023-06-16,2023-11-15,0
75,277,CVE-2020-91349,6.0,2023-12-06,2024-06-19,0
76,41,CVE-2019-58290,6.1,2024-05-27,2024-06-16,1
77,119,CVE-2024-43778,5.1,2025-05-08,2025-10-16,0
78,16,CVE-2025-30902,7.2,2024-10-11,2025-02-10,0
79,183,CVE-2024-12232,6.2,2024-07-20,2024-09-12,0
80,152,CVE-2019-36123,7.0,2025-03-28,2025-04-22,0
81,79,CVE-2020-97948,2.9,2024-01-25,2024-07-12,0
82,200,CVE-2018-41405,8.6,2023-11-21,2023-12-21,0
83,228,CVE-2019-25561,9.1,2024-01-04,2024-02-13,0
84,221,CVE-2024-14538,6.2,2024-04-04,2024-08-20,1
85,14,CVE-2023-51493,10.0,2023-04-02,2023-05-02,1
86,7,CVE-2019-96006,9.5,2023-10-26,2024-05-19,0
87,287,CVE-2024-23216,7.3,2023-09-06,2023-10-26,0
88,72,CVE-2020-9292,8.7,2023-10-03,2024-02-13,0
89,86,CVE-2025-11082,8.1,2024-03-21,2024-06-12,0
90,185,CVE-2025-78831,2.5,2023-09-15,2024-02-29,0
91,101,CVE-2018-52864,5.5,2024-04-13,2024-07-06,0
92,171,CVE-2023-58700,7.4,2025-05-11,2025-12-09,0
93,172,CVE-2022-43030,9.3,2024-03-16,2024-04-26,1
94,103,CVE-2023-39200,3.2,2024-05-05,2024-08-21,1
95,252,CVE-2022-52502,2.6,2024-08-12,2024-11-23,0
96,187,CVE-2020-90353,5.9,2023-04-27,2023-10-02,1
97,282,CVE-2021-58469,1.9,2023-01-28,2023-08-04,0
98,150,CVE-2024-89208,5.8,2025-05-01,2025-12-03,0
99,256,CVE-2022-87332,6.7,2023-05-23,2023-07-30,0
100,79,CVE-2019-59860,4.1,2025-01-02,2025-04-15,0
101,246,CVE-2024-72256,5.9,2024-08-19,2025-01-02,0
102,19,CVE-2019-15335,7.9,2025-03-20,2025-11-11,0
103,128,CVE-2018-74822,4.9,2024-11-04,2024-12-23,0
104,205,CVE-2019-2382,4.4,2025-02-09,2025-06-06,0
105,51,CVE-2021-59429,5.8,2023-09-22,2024-04-07,0
106,192,CVE-2020-46215,3.9,2024-02-05,2024-08-03,0
107,13,CVE-2019-16213,9.9,2024-05-09,2024-08-30,0
108,73,CVE-2021-69303,6.1,2023-12-23,2024-04-24,0
109,248,CVE-2025-42800,4.6,2023-12-23,2024-04-20,1
110,35,CVE-2019-3960,6.4,2023-11-04,2024-05-10,1
111,176,CVE-2020-98057,5.8,2024-10-25,2025-05-24,1
112,125,CVE-2023-74380,5.6,2024-06-12,2024-07-29,0
113,219,CVE-2020-25430,4.9,2024-04-18,2024-08-06,0
114,222,CVE-2021-59926,4.8,2024-02-10,2024-07-23,0
115,220,CVE-2021-37483,3.0,2024-02-03,2024-04-04,0
116,33,CVE-2020-48945,8.7,2024-08-14,2025-04-01,0
117,167,CVE-2025-70168,7.2,2023-07-21,2023-10-03,0
118,161,CVE-2019-46603,6.6,2024-09-03,2024-12-19,0
119,181,CVE-2022-81541,5.7,2025-05-15,2025-07-05,0
120,44,CVE-2021-41026,4.1,2024-11-19,2024-12-26,0
121,60,CVE-2024-55819,4.5,2023-07-07,2023-08-19,0
122,71,CVE-2025-84296,3.2,2024-08-11,2024-10-04,0
123,276,CVE-2020-65178,4.7,2024-12-11,2025-01-31,0
124,148,CVE-2025-82187,3.8,2023-05-24,2024-01-01,1
125,28,CVE-2020-26575,9.4,2025-06-05,2025-10-14,0
126,197,CVE-2024-90744,7.8,2024-07-29,2024-12-09,0
127,252,CVE-2025-22922,6.2,2024-03-01,2024-06-29,0
128,43,CVE-2021-39284,4.3,2024-08-01,2025-02-18,0
129,17,CVE-2020-60942,3.9,2023-10-09,2023-12-28,0
130,290,CVE-2019-76066,5.6,2025-01-30,2025-06-16,0
131,59,CVE-2018-95238,7.9,2023-10-02,2024-01-10,0
132,226,CVE-2021-40021,9.8,2024-07-13,2024-08-15,1
133,17,CVE-2019-58549,3.2,2024-04-05,2024-11-18,0
134,61,CVE-2023-94159,7.1,2025-03-05,2025-10-05,0
135,220,CVE-2021-28124,4.7,2023-06-19,2024-01-12,0
136,31,CVE-2020-43421,5.0,2024-08-06,2024-10-23,0
137,150,CVE-2019-18771,6.1,2023-10-24,2024-06-06,0
138,211,CVE-2020-92937,4.3,2023-03-02,2023-08-23,1
139,68,CVE-2021-89635,5.5,2023-09-13,2023-12-11,1
140,202,CVE-2022-83288,4.2,2024-05-16,2024-10-31,1
141,213,CVE-2019-53802,4.8,2024-01-20,2024-07-07,0
142,264,CVE-2023-60597,7.5,2025-02-06,2025-09-25,0
143,250,CVE-2019-96804,6.2,2023-12-02,2024-07-18,0
144,235,CVE-2019-71048,7.5,2024-10-12,2025-01-18,0
145,204,CVE-2025-36197,4.7,2023-08-12,2023-10-12,0
146,166,CVE-2020-75205,7.1,2025-04-28,2025-09-22,0
147,249,CVE-2018-7021,2.7,2025-03-18,2025-09-15,0
148,51,CVE-2020-58840,6.1,2024-10-03,2024-11-10,0
149,234,CVE-2020-86196,7.3,2023-01-01,2023-07-03,0
150,155,CVE-2023-33819,2.7,2023-06-12,2023-12-03,0
151,43,CVE-2020-7787,4.7,2024-01-16,2024-07-07,0
152,203,CVE-2021-57260,6.1,2024-10-02,2025-04-06,0
153,47,CVE-2025-11215,8.0,2024-12-21,2025-02-20,0
154,68,CVE-2025-2217,4.8,2024-08-30,2025-02-27,0
155,5,CVE-2024-91968,7.1,2024-12-13,2025-01-19,0
156,68,CVE-2019-96782,8.9,2024-05-04,2024-08-17,0
157,53,CVE-2022-18973,7.2,2023-04-16,2023-12-04,1
158,196,CVE-2020-9966,5.6,2025-03-03,2025-08-30,1
159,272,CVE-2020-58684,6.7,2024-07-30,2025-01-19,1
160,180,CVE-2020-54963,4.8,2025-01-09,2025-07-26,0
161,227,CVE-2019-19351,6.2,2025-05-30,2026-01-21,0
162,64,CVE-2024-42222,5.7,2024-08-26,2024-11-30,1
163,72,CVE-2021-73534,6.7,2023-09-11,2023-10-09,0
164,146,CVE-2022-27928,5.2,2025-03-08,2025-10-18,0
165,266,CVE-2024-39737,6.8,2024-09-13,2025-03-30,0
166,28,CVE-2019-32599,5.2,2025-03-13,2025-06-26,0
167,256,CVE-2018-48329,7.7,2024-10-15,2025-03-06,0
168,163,CVE-2024-48895,5.3,2023-05-16,2023-12-23,1
169,280,CVE-2019-3187,1.9,2024-11-30,2025-04-06,0
170,35,CVE-2018-53163,4.0,2023-01-15,2023-02-01,0
171,260,CVE-2024-56518,6.0,2023-10-21,2024-03-04,0
172,206,CVE-2020-37368,9.4,2023-03-26,2023-08-17,1
173,43,CVE-2020-71305,7.7,2023-11-14,2024-01-12,1
174,168,CVE-2019-41654,1.6,2024-02-05,2024-08-25,0
175,224,CVE-2019-57948,3.0,2025-01-17,2025-03-27,0
176,60,CVE-2022-88304,8.3,2024-04-09,2024-04-30,0
177,90,CVE-2018-22473,7.3,2023-05-03,2023-06-14,1
178,255,CVE-2022-22884,10.0,2023-12-22,2024-07-16,0
179,191,CVE-2022-97067,5.1,2023-05-10,2023-12-26,0
180,61,CVE-2024-36649,4.3,2025-02-28,2025-09-29,0
181,269,CVE-2019-66031,6.1,2023-03-07,2023-08-08,0
182,234,CVE-2020-49193,5.0,2024-06-07,2024-10-19,1
183,81,CVE-2019-30937,8.1,2023-09-19,2024-02-19,0
184,261,CVE-2018-33053,5.0,2023-01-03,2023-08-18,1
185,24,CVE-2020-5635,5.5,2024-04-28,2024-06-12,0
186,284,CVE-2024-30427,4.0,2025-04-02,2025-09-23,0
187,165,CVE-2023-36554,7.5,2023-09-12,2024-03-21,0
188,40,CVE-2018-24507,4.2,2024-08-08,2024-12-21,0
189,115,CVE-2019-61960,6.8,2025-04-03,2025-07-21,0
190,145,CVE-2025-2044,9.8,2025-03-03,2025-04-01,0
191,189,CVE-2022-97937,2.4,2023-07-25,2024-02-17,0
192,125,CVE-2021-97005,9.0,2024-04-20,2024-08-31,1
193,280,CVE-2024-4133,6.6,2025-02-17,2025-02-25,0
194,120,CVE-2018-44911,3.7,2024-07-08,2025-02-14,0
195,1,CVE-2022-14624,6.2,2025-02-16,2025-09-28,0
196,106,CVE-2018-19661,7.5,2024-06-26,2024-11-05,1
197,144,CVE-2024-92861,4.4,2023-04-06,2023-06-11,0
198,191,CVE-2019-67247,6.9,2024-04-14,2024-09-16,0
199,69,CVE-2018-58014,9.2,2024-10-14,2025-03-21,1
200,67,CVE-2023-52505,5.0,2023-08-31,2024-04-11,1
201,168,CVE-2019-27569,4.0,2023-11-22,2024-01-27,1
202,70,CVE-2019-22544,5.7,2025-03-09,2025-04-24,1
203,231,CVE-2023-28215,6.1,2024-04-22,2024-05-29,0
204,232,CVE-2019-12851,8.2,2023-11-12,2024-06-24,0
205,81,CVE-2018-29183,5.7,2025-04-06,2025-11-10,1
206,168,CVE-2023-52936,5.1,2023-06-01,2023-08-10,0
207,263,CVE-2020-5073,4.0,2023-02-20,2023-05-04,0
208,208,CVE-2021-13415,2.7,2025-05-25,2025-12-09,1
209,237,CVE-2018-30135,3.4,2023-04-15,2023-04-25,0
210,67,CVE-2019-77326,3.4,2023-07-22,2024-01-20,0
211,133,CVE-2021-85670,5.5,2025-04-12,2025-05-05,0
212,228,CVE-2023-17059,3.0,2025-04-08,2025-12-02,0
213,22,CVE-2024-95952,0.6,2024-04-17,2024-09-17,1
214,203,CVE-2024-23650,5.9,2024-05-23,2024-11-20,0
215,182,CVE-2025-20481,9.7,2023-08-08,2023-10-25,0
216,18,CVE-2022-66390,8.3,2024-09-20,2024-11-28,0
217,211,CVE-2022-51202,5.5,2024-07-17,2024-08-15,0
218,71,CVE-2021-83674,3.8,2024-03-05,2024-10-24,1
219,279,CVE-2023-63873,10.0,2025-03-24,2025-10-17,0
220,279,CVE-2023-51905,6.1,2025-03-11,2025-11-06,0
221,139,CVE-2021-4840,6.4,2023-07-04,2023-12-10,0
222,144,CVE-2021-21922,5.7,2023-03-01,2023-06-07,0
223,52,CVE-2018-29758,5.9,2023-09-11,2023-11-25,0
224,295,CVE-2020-24081,4.9,2025-05-16,2025-12-23,0
225,122,CVE-2023-78537,5.5,2024-08-29,2025-03-12,0
226,15,CVE-2020-74807,9.0,2024-12-21,2025-05-22,0
227,97,CVE-2020-65282,8.5,2025-05-06,2025-07-31,0
228,20,CVE-2021-3612,1.9,2023-04-03,2023-09-11,0
229,270,CVE-2021-18103,3.2,2024-05-04,2024-10-15,0
230,175,CVE-2023-8806,4.4,2025-01-04,2025-08-04,0
231,12,CVE-2019-69982,7.9,2023-06-01,2023-07-14,0
232,187,CVE-2024-77810,8.5,2023-03-16,2023-09-08,0
233,52,CVE-2020-96990,7.4,2023-12-11,2024-01-21,0
234,224,CVE-2023-23833,3.7,2025-03-21,2025-09-10,0
235,288,CVE-2021-88232,5.0,2024-12-11,2025-03-19,0
236,90,CVE-2022-17691,7.0,2024-01-23,2024-07-24,0
237,91,CVE-2024-75381,5.5,2025-01-16,2025-06-18,0
238,17,CVE-2021-84839,5.3,2023-07-06,2024-02-05,1
239,290,CVE-2019-32194,5.3,2023-04-17,2023-07-17,0
240,178,CVE-2019-93925,8.3,2023-11-24,2024-07-14,0
241,172,CVE-2021-91855,7.2,2024-04-02,2024-06-01,0
242,35,CVE-2018-7310,5.4,2023-12-25,2024-01-28,0
243,198,CVE-2024-65629,6.7,2024-03-24,2024-05-12,0
244,194,CVE-2025-76766,3.5,2023-12-26,2024-01-27,1
245,116,CVE-2018-39654,5.0,2023-06-16,2024-01-13,0
246,11,CVE-2023-23296,8.1,2023-11-23,2023-12-18,0
247,193,CVE-2019-45295,2.9,2023-06-14,2023-11-08,0
248,248,CVE-2020-80602,7.2,2024-12-22,2025-06-14,0
249,223,CVE-2021-25901,1.8,2023-06-10,2023-09-09,0
250,210,CVE-2022-87585,9.4,2024-12-14,2025-06-25,1
251,145,CVE-2024-75943,4.9,2023-11-01,2023-11-20,1
252,282,CVE-2023-1500,6.8,2025-05-10,2025-05-30,0
253,219,CVE-2025-27171,6.2,2023-03-31,2023-09-23,0
254,50,CVE-2022-11739,6.3,2023-01-27,2023-07-16,0
255,243,CVE-2024-62727,6.6,2025-05-14,2025-12-07,0
256,251,CVE-2024-25232,2.6,2024-11-07,2025-04-27,0
257,190,CVE-2018-35510,6.3,2024-01-26,2024-05-26,1
258,226,CVE-2022-74956,5.6,2024-04-21,2024-11-28,0
259,32,CVE-2019-88574,4.9,2023-06-04,2023-07-05,0
260,177,CVE-2021-73561,4.4,2025-04-07,2025-10-24,1
261,32,CVE-2024-71190,6.4,2025-05-10,2025-09-27,0
262,244,CVE-2019-52747,4.0,2024-08-09,2024-10-31,0
263,18,CVE-2020-16765,8.1,2024-05-29,2024-10-15,0
264,230,CVE-2021-17539,6.9,2023-06-27,2024-01-26,0
265,22,CVE-2021-83211,6.5,2024-03-09,2024-07-05,0
266,76,CVE-2019-12406,8.0,2025-05-04,2025-07-31,0
267,199,CVE-2022-69116,2.3,2024-07-23,2024-10-21,0
268,235,CVE-2024-15748,3.4,2025-06-13,2025-12-16,0
269,213,CVE-2019-14845,7.0,2023-06-03,2023-11-07,0
270,289,CVE-2023-54856,4.5,2025-03-09,2025-05-28,0
271,136,CVE-2025-5910,4.8,2024-01-28,2024-06-29,0
272,89,CVE-2024-6083,3.2,2023-10-10,2024-03-23,0
273,203,CVE-2018-98746,4.0,2025-06-19,2025-08-25,0
274,244,CVE-2022-41756,8.1,2023-10-03,2024-01-04,0
275,144,CVE-2019-30878,7.0,2025-05-13,2025-11-14,0
276,69,CVE-2023-36313,6.4,2023-11-04,2024-05-27,0
277,214,CVE-2025-28707,4.8,2024-09-11,2024-11-05,0
278,209,CVE-2023-8367,6.2,2025-01-28,2025-06-16,0
279,264,CVE-2024-18779,8.3,2025-03-21,2025-06-15,0
280,269,CVE-2021-27309,4.6,2025-06-19,2025-08-09,0
281,30,CVE-2023-93357,5.9,2023-09-13,2023-10-02,0
282,102,CVE-2024-84284,9.5,2023-10-08,2024-02-10,0
283,64,CVE-2025-78862,7.4,2024-11-28,2025-03-10,0
284,229,CVE-2023-46121,4.9,2023-07-01,2023-11-26,0
285,84,CVE-2019-38364,7.2,2025-05-07,2025-12-12,0
286,15,CVE-2021-30012,2.9,2024-01-31,2024-09-12,0
287,116,CVE-2024-68276,5.9,2024-11-24,2025-05-16,0
288,11,CVE-2020-85852,7.2,2025-06-04,2025-10-10,0
289,89,CVE-2022-94420,6.8,2024-09-07,2024-11-17,1
290,141,CVE-2025-34029,7.2,2024-03-09,2024-06-13,0
291,112,CVE-2024-77609,7.7,2024-04-22,2024-09-09,0
292,53,CVE-2023-74591,6.9,2023-01-08,2023-08-18,0
293,145,CVE-2019-45077,6.9,2023-11-02,2024-03-11,0
294,142,CVE-2022-86998,6.4,2024-10-17,2025-01-02,0
295,153,CVE-2021-8441,3.8,2023-07-12,2024-01-30,1
296,207,CVE-2018-86904,8.1,2024-11-07,2024-12-19,1
297,255,CVE-2024-51891,5.9,2023-10-30,2024-02-21,1
298,19,CVE-2021-45979,7.4,2024-08-20,2025-03-23,1
299,114,CVE-2025-89063,7.9,2024-12-03,2025-06-28,0
300,184,CVE-2020-39506,5.0,2024-06-03,2024-07-23,0
301,50,CVE-2020-90091,5.1,2024-04-27,2024-07-09,0
302,172,CVE-2021-98545,5.4,2024-11-01,2025-02-06,0
303,158,CVE-2022-61786,8.5,2024-03-06,2024-05-18,0
304,61,CVE-2019-62894,4.2,2024-04-26,2024-10-12,0
305,100,CVE-2024-70446,8.9,2024-05-27,2024-11-24,0
306,153,CVE-2020-19004,6.4,2024-02-28,2024-10-10,0
307,103,CVE-2025-19772,6.5,2023-12-17,2024-08-08,0
308,162,CVE-2019-64908,7.8,2025-06-02,2025-12-25,0
309,171,CVE-2018-1617,6.2,2024-10-08,2025-03-26,1
310,232,CVE-2020-76534,8.1,2023-10-08,2024-04-30,0
311,82,CVE-2024-84032,5.0,2024-05-16,2024-10-27,0
312,220,CVE-2018-5944,8.8,2024-02-18,2024-06-02,0
313,274,CVE-2023-70603,5.1,2023-07-24,2023-08-03,0
314,98,CVE-2021-30657,8.9,2023-01-19,2023-07-05,0
315,177,CVE-2022-22891,5.2,2023-11-16,2024-02-29,0
316,34,CVE-2025-96398,5.4,2025-04-23,2025-07-13,0
317,267,CVE-2020-45922,4.0,2024-09-02,2024-12-29,0
318,251,CVE-2024-3506,4.5,2024-01-03,2024-08-29,0
319,117,CVE-2018-78292,5.9,2023-08-18,2023-10-18,0
320,259,CVE-2018-50177,6.5,2023-06-23,2023-12-29,0
321,131,CVE-2018-87765,8.0,2025-02-28,2025-03-19,1
322,56,CVE-2019-55627,5.6,2024-10-31,2025-05-02,0
323,228,CVE-2025-92995,3.8,2024-01-25,2024-04-05,1
324,79,CVE-2018-40467,6.8,2023-07-30,2024-01-14,0
325,216,CVE-2022-82631,6.3,2024-11-08,2025-03-28,0
326,71,CVE-2019-38054,7.0,2024-03-04,2024-09-11,0
327,59,CVE-2021-35471,4.7,2025-03-14,2025-05-10,0
328,268,CVE-2022-22020,4.9,2023-07-26,2023-11-14,0
329,21,CVE-2025-44332,4.7,2024-07-15,2024-09-13,0
330,121,CVE-2019-76255,8.4,2023-01-03,2023-02-01,1
331,253,CVE-2019-95838,8.8,2023-06-02,2023-10-17,0
332,52,CVE-2022-35619,4.9,2023-09-20,2024-01-21,0
333,238,CVE-2018-39085,4.9,2023-02-21,2023-04-13,0
334,185,CVE-2019-13451,7.3,2025-03-31,2025-07-25,0
335,24,CVE-2020-44078,9.1,2023-01-10,2023-07-01,0
336,184,CVE-2019-49840,9.6,2024-03-24,2024-11-10,1
337,176,CVE-2025-36629,4.8,2023-07-07,2023-10-24,1
338,198,CVE-2020-15818,5.2,2024-12-07,2025-03-31,1
339,68,CVE-2020-14593,6.6,2024-12-13,2025-07-24,0
340,214,CVE-2025-24758,6.7,2024-08-27,2025-01-26,0
341,195,CVE-2020-64318,5.6,2025-03-08,2025-03-22,0
342,250,CVE-2019-35290,4.4,2023-04-26,2023-05-14,0
343,161,CVE-2021-88797,5.9,2023-01-13,2023-07-12,0
344,174,CVE-2019-57734,9.6,2024-06-15,2024-12-18,0
345,128,CVE-2024-20484,5.0,2024-05-08,2024-11-04,1
346,286,CVE-2020-67265,6.4,2024-09-19,2025-03-09,0
347,241,CVE-2019-99491,10.0,2025-05-22,2025-07-10,1
348,252,CVE-2018-67444,4.9,2023-11-25,2024-02-11,0
349,115,CVE-2021-11332,7.4,2024-07-17,2024-11-04,0
350,236,CVE-2025-59598,9.7,2024-03-30,2024-04-28,1
351,162,CVE-2018-14453,7.2,2023-05-02,2023-10-23,1
352,207,CVE-2018-12913,8.2,2024-02-27,2024-07-23,1
353,156,CVE-2025-45676,7.6,2024-06-04,2024-11-25,0
354,187,CVE-2025-44512,7.0,2025-04-25,2025-06-28,0
355,287,CVE-2023-94836,8.8,2025-02-24,2025-07-02,0
356,232,CVE-2021-1287,7.3,2023-04-27,2023-10-19,1
357,175,CVE-2023-93025,5.7,2023-12-30,2024-03-20,0
358,55,CVE-2024-15019,6.3,2023-02-16,2023-03-30,0
359,131,CVE-2024-29257,6.7,2024-09-17,2024-10-24,1
360,235,CVE-2019-55325,5.2,2025-04-24,2025-07-26,0
361,24,CVE-2025-60950,6.4,2024-10-10,2024-11-17,0
362,259,CVE-2018-73512,6.1,2023-05-18,2023-10-07,0
363,222,CVE-2020-91677,7.3,2025-05-08,2025-09-22,0
364,297,CVE-2019-51778,10.0,2023-06-27,2023-08-05,0
365,165,CVE-2021-36860,6.5,2024-05-31,2024-11-09,1
366,204,CVE-2020-19111,9.2,2023-12-18,2024-07-18,0
367,212,CVE-2022-92946,7.2,2024-09-08,2025-03-25,0
368,281,CVE-2021-27330,6.4,2025-05-31,2025-12-12,1
369,108,CVE-2023-89129,5.1,2024-10-01,2025-04-01,0
370,68,CVE-2023-94107,6.4,2024-12-28,2025-05-12,0
371,60,CVE-2024-89374,6.3,2025-02-18,2025-06-27,0
372,274,CVE-2019-4312,4.6,2023-10-20,2023-10-30,0
373,196,CVE-2021-35993,4.9,2023-05-29,2023-06-19,0
374,83,CVE-2018-91517,6.8,2023-10-21,2023-12-04,0
375,152,CVE-2025-14432,9.1,2023-07-28,2023-11-03,0
376,288,CVE-2024-32142,5.9,2025-06-04,2025-11-23,0
377,262,CVE-2018-51014,3.1,2025-03-14,2025-09-14,0
378,199,CVE-2018-2699,1.6,2024-03-02,2024-07-28,0
379,129,CVE-2025-30563,4.0,2023-07-27,2024-02-18,0
380,189,CVE-2021-96015,7.4,2025-02-12,2025-08-27,0
381,100,CVE-2019-25507,3.4,2023-10-29,2024-04-27,1
382,89,CVE-2018-57165,7.7,2025-01-22,2025-05-05,0
383,143,CVE-2022-1739,7.3,2024-07-23,2024-09-09,0
384,170,CVE-2018-21146,5.8,2024-04-22,2024-06-07,0
385,166,CVE-2022-65297,2.9,2024-09-03,2025-02-17,1
386,294,CVE-2023-69864,4.6,2024-07-17,2025-02-09,0
387,113,CVE-2020-55516,5.5,2023-07-08,2024-02-01,0
388,279,CVE-2021-28964,6.7,2024-07-03,2024-10-07,0
389,170,CVE-2025-74575,3.5,2023-12-06,2024-02-06,1
390,5,CVE-2021-85182,8.9,2023-04-28,2023-08-27,0
391,125,CVE-2024-15860,6.7,2023-02-10,2023-05-10,0
392,198,CVE-2018-68746,6.9,2023-09-20,2023-12-08,1
393,192,CVE-2018-39854,7.3,2024-06-10,2024-10-19,0
394,99,CVE-2020-71513,8.7,2023-11-25,2023-12-26,0
395,274,CVE-2021-90837,6.4,2023-01-08,2023-03-09,0
396,218,CVE-2024-85746,7.4,2025-05-05,2025-09-26,0
397,37,CVE-2025-94961,4.6,2025-02-03,2025-02-16,0
398,170,CVE-2020-34018,9.6,2023-02-08,2023-02-28,0
399,286,CVE-2022-54429,6.3,2023-03-14,2023-05-18,0
400,199,CVE-2023-3213,4.6,2024-04-06,2024-08-01,0
401,200,CVE-2019-98773,5.1,2024-11-20,2024-11-28,0
402,300,CVE-2023-66907,2.2,2023-02-16,2023-03-13,0
403,55,CVE-2019-37899,5.1,2023-10-24,2024-04-03,0
404,225,CVE-2018-63126,1.2,2024-01-26,2024-07-20,0
405,81,CVE-2024-72529,7.6,2024-06-30,2025-01-14,0
406,152,CVE-2023-2461,6.9,2024-10-11,2025-04-09,0
407,284,CVE-2018-1659,4.1,2025-06-14,2025-07-22,0
408,294,CVE-2019-40936,5.9,2024-09-02,2025-01-27,1
409,108,CVE-2023-28752,6.0,2025-02-05,2025-08-16,0
410,212,CVE-2020-29939,3.7,2024-10-23,2024-12-10,0
411,130,CVE-2018-99440,5.6,2023-07-18,2024-01-12,0
412,282,CVE-2022-89039,6.1,2024-04-17,2024-05-12,0
413,35,CVE-2025-44365,5.5,2023-09-14,2024-03-24,0
414,183,CVE-2019-38373,4.6,2023-05-12,2023-07-18,0
415,36,CVE-2023-81785,4.0,2023-07-18,2023-11-17,0
416,157,CVE-2023-42462,5.4,2024-12-11,2025-05-11,0
417,220,CVE-2021-94349,4.9,2023-06-22,2023-08-31,0
418,224,CVE-2023-63908,7.1,2023-10-11,2024-04-08,0
419,237,CVE-2025-73308,8.8,2024-04-01,2024-06-25,0
420,56,CVE-2022-19350,7.8,2023-06-29,2023-07-26,1
421,276,CVE-2019-96345,6.1,2023-07-21,2024-03-10,0
422,39,CVE-2024-78337,4.7,2023-01-20,2023-02-03,1
423,109,CVE-2025-86709,7.8,2023-02-07,2023-07-03,0
424,77,CVE-2022-18548,7.3,2024-01-10,2024-09-01,1
425,238,CVE-2023-66820,8.6,2024-05-28,2024-09-13,0
426,6,CVE-2020-68388,6.4,2024-11-09,2025-06-10,0
427,72,CVE-2020-97458,9.5,2024-04-01,2024-08-30,0
428,248,CVE-2025-31375,6.4,2024-01-03,2024-07-22,0
429,33,CVE-2021-68880,4.7,2023-09-28,2023-10-15,1
430,185,CVE-2018-6230,5.0,2024-02-02,2024-06-04,0
431,166,CVE-2022-98243,7.0,2023-04-16,2023-10-02,0
432,135,CVE-2024-86678,4.9,2024-08-15,2024-10-05,0
433,194,CVE-2019-68720,9.5,2024-01-10,2024-09-02,0
434,129,CVE-2023-46224,6.9,2024-01-21,2024-05-10,1
435,250,CVE-2018-66776,6.1,2025-03-22,2025-08-30,0
436,72,CVE-2022-28723,6.2,2024-03-26,2024-04-21,0
437,77,CVE-2019-87652,5.5,2023-07-11,2023-12-19,1
438,118,CVE-2025-89503,2.7,2024-02-29,2024-04-05,0
439,246,CVE-2024-3942,5.0,2024-05-05,2024-06-22,0
440,125,CVE-2020-18658,9.1,2023-02-14,2023-07-22,0
441,263,CVE-2020-34850,6.4,2023-02-10,2023-03-03,0
442,93,CVE-2018-95312,8.1,2024-06-13,2024-11-11,0
443,146,CVE-2025-64133,8.2,2023-03-29,2023-09-07,1
444,88,CVE-2020-82685,5.9,2023-08-13,2023-09-25,0
445,262,CVE-2023-60437,7.3,2023-09-28,2024-03-28,1
446,36,CVE-2019-3170,2.8,2023-08-24,2023-10-03,0
447,104,CVE-2020-80365,9.0,2024-06-19,2024-10-11,0
448,50,CVE-2018-70655,8.8,2023-07-01,2023-12-12,0
449,258,CVE-2020-80098,7.0,2025-02-09,2025-06-19,0
450,277,CVE-2024-69425,6.5,2025-04-27,2025-11-18,0
451,216,CVE-2024-31079,5.9,2024-01-15,2024-06-05,0
452,247,CVE-2019-56769,8.3,2025-03-19,2025-08-23,1
453,69,CVE-2019-38128,7.5,2023-09-18,2023-11-23,0
454,279,CVE-2018-76757,0.3,2024-02-23,2024-03-02,0
455,268,CVE-2021-91146,5.3,2023-05-01,2023-08-12,1
456,162,CVE-2024-86403,3.8,2024-02-23,2024-04-09,0
457,300,CVE-2024-75012,3.4,2023-09-17,2024-02-08,0
458,188,CVE-2021-55162,8.3,2024-09-18,2025-01-04,0
459,283,CVE-2023-74281,5.9,2025-03-13,2025-05-04,0
460,285,CVE-2023-93470,7.0,2024-05-10,2024-10-11,0
461,204,CVE-2019-99017,6.2,2025-01-23,2025-09-08,0
462,118,CVE-2021-67629,3.4,2024-04-02,2024-05-04,1
463,206,CVE-2018-22068,2.9,2025-03-15,2025-08-09,0
464,200,CVE-2020-62822,5.1,2024-10-13,2024-11-12,0
465,223,CVE-2023-11490,5.3,2023-04-01,2023-06-03,0
466,20,CVE-2022-94271,5.3,2025-01-11,2025-04-30,0
467,30,CVE-2025-2403,5.4,2025-03-03,2025-07-14,1
468,104,CVE-2022-26525,10.0,2025-05-20,2025-12-18,1
469,18,CVE-2021-81634,8.1,2025-03-13,2025-07-30,0
470,87,CVE-2018-21636,6.5,2024-11-21,2025-01-28,0
471,45,CVE-2024-54143,5.9,2023-10-10,2024-04-05,0
472,103,CVE-2019-12818,5.9,2024-06-14,2024-12-18,1
473,282,CVE-2023-46544,7.5,2023-10-19,2024-03-17,0
474,142,CVE-2024-76354,5.8,2023-08-20,2023-12-21,0
475,3,CVE-2019-74220,7.8,2023-09-25,2024-02-08,0
476,38,CVE-2022-71504,6.7,2024-05-30,2024-07-05,0
477,295,CVE-2025-32886,10.0,2023-09-14,2023-12-26,0
478,174,CVE-2018-64172,5.7,2025-03-05,2025-07-07,0
479,60,CVE-2021-89724,8.2,2023-09-22,2024-03-09,0
480,118,CVE-2018-92857,3.9,2025-03-30,2025-07-05,0
481,135,CVE-2023-10965,4.8,2023-09-12,2023-12-30,1
482,284,CVE-2021-76197,9.8,2023-07-02,2023-10-07,0
483,138,CVE-2021-66404,7.7,2023-07-07,2024-03-02,1
484,103,CVE-2022-28102,7.0,2023-08-29,2024-04-15,0
485,118,CVE-2023-21446,10.0,2023-07-27,2024-01-08,1
486,55,CVE-2025-81455,5.9,2023-05-03,2023-10-26,0
487,4,CVE-2025-49653,8.2,2025-02-21,2025-10-03,0
488,162,CVE-2025-24969,8.4,2024-05-19,2024-08-04,0
489,262,CVE-2020-8097,9.3,2023-10-14,2024-04-30,0
490,270,CVE-2018-66860,3.7,2025-03-29,2025-08-21,0
491,178,CVE-2025-16776,5.9,2024-02-08,2024-03-30,1
492,266,CVE-2018-89356,6.7,2024-04-16,2024-04-25,0
493,108,CVE-2023-81318,9.2,2024-01-24,2024-04-23,1
494,133,CVE-2022-62780,6.9,2023-07-11,2023-09-16,0
495,176,CVE-2021-55931,8.4,2024-01-10,2024-05-04,1
496,191,CVE-2020-75895,3.5,2024-01-09,2024-05-10,0
497,68,CVE-2019-95478,5.4,2024-08-12,2025-03-15,1
498,139,CVE-2024-26698,8.8,2025-04-03,2025-07-29,0
499,75,CVE-2018-24148,5.7,2025-03-30,2025-08-05,0
500,216,CVE-2023-64782,6.0,2024-05-26,2025-01-05,0
501,154,CVE-2018-53219,9.2,2023-09-14,2024-02-13,0
502,51,CVE-2022-63460,4.3,2024-12-08,2025-02-08,0
503,50,CVE-2023-48226,4.7,2024-04-05,2024-06-17,0
504,287,CVE-2024-16890,3.4,2024-07-24,2024-08-05,0
505,180,CVE-2020-38304,9.3,2025-06-07,2025-08-03,0
506,182,CVE-2025-11277,8.0,2023-11-29,2024-04-08,0
507,196,CVE-2020-22964,8.0,2024-09-20,2025-03-07,0
508,173,CVE-2024-10351,5.4,2024-03-07,2024-08-07,0
509,41,CVE-2023-86591,3.2,2023-06-15,2023-09-10,0
510,150,CVE-2024-36553,2.7,2024-12-28,2025-06-18,0
511,228,CVE-2025-55262,8.8,2025-03-10,2025-08-14,1
512,86,CVE-2021-87772,7.1,2023-07-08,2024-01-17,0
513,129,CVE-2021-22877,7.5,2025-01-31,2025-02-27,0
514,204,CVE-2025-72884,6.6,2023-04-16,2023-12-03,1
515,28,CVE-2019-14622,4.5,2023-01-27,2023-08-17,0
516,135,CVE-2024-41549,5.4,2024-09-24,2025-03-17,0
517,118,CVE-2020-18206,4.0,2023-09-11,2024-01-09,1
518,270,CVE-2023-43624,3.8,2025-05-08,2025-05-23,0
519,244,CVE-2025-18709,7.8,2024-04-23,2024-07-08,0
520,277,CVE-2024-69610,2.9,2023-07-01,2023-11-01,0
521,274,CVE-2021-12738,4.0,2023-11-14,2024-04-07,0
522,227,CVE-2020-40789,5.6,2023-11-12,2024-01-24,0
523,6,CVE-2020-46073,6.2,2023-01-01,2023-07-21,0
524,147,CVE-2025-63530,3.3,2024-04-25,2024-10-25,0
525,154,CVE-2021-1946,2.8,2023-01-10,2023-04-01,1
526,281,CVE-2024-52740,6.9,2024-01-18,2024-09-06,0
527,128,CVE-2024-50592,6.4,2023-06-17,2023-12-06,0
528,113,CVE-2021-68713,8.7,2023-09-27,2024-03-12,0
529,140,CVE-2022-55120,6.2,2023-10-19,2024-03-10,1
530,97,CVE-2022-15464,7.1,2025-05-23,2025-07-03,1
531,234,CVE-2025-25613,4.6,2024-09-24,2025-03-29,0
532,165,CVE-2018-25371,4.7,2023-01-20,2023-06-12,0
533,53,CVE-2025-96303,3.5,2023-10-16,2024-04-23,0
534,5,CVE-2025-29467,4.6,2023-08-27,2023-09-06,0
535,176,CVE-2025-49679,5.4,2024-03-06,2024-10-03,0
536,238,CVE-2020-8345,8.5,2024-12-14,2025-01-10,0
537,137,CVE-2025-24803,4.3,2025-03-05,2025-07-29,0
538,99,CVE-2018-16985,10.0,2025-05-11,2025-08-23,0
539,128,CVE-2018-27106,7.3,2024-01-30,2024-08-12,0
540,236,CVE-2021-62974,6.8,2025-01-22,2025-07-18,0
541,200,CVE-2020-83465,6.1,2024-11-28,2025-02-25,0
542,22,CVE-2022-64075,5.7,2025-02-01,2025-03-11,0
543,153,CVE-2021-15801,4.9,2023-07-23,2023-08-12,0
544,121,CVE-2020-37188,3.3,2024-10-10,2024-10-20,0
545,300,CVE-2018-6504,4.4,2023-05-03,2023-07-11,0
546,298,CVE-2020-49679,9.3,2025-03-13,2025-09-12,0
547,46,CVE-2023-82937,7.1,2023-09-12,2023-10-12,0
548,31,CVE-2019-17492,9.3,2023-03-03,2023-04-18,0
549,250,CVE-2023-58503,4.8,2023-08-27,2024-03-22,0
550,99,CVE-2020-33859,4.0,2023-01-22,2023-04-30,0
551,21,CVE-2022-72137,6.1,2024-05-11,2024-10-08,0
552,251,CVE-2023-43425,4.5,2023-07-14,2023-12-07,1
553,240,CVE-2020-10027,6.5,2023-10-09,2024-05-23,1
554,272,CVE-2022-71989,2.9,2023-06-08,2024-01-10,0
555,188,CVE-2024-97161,2.0,2024-04-09,2024-09-26,0
556,95,CVE-2021-43034,6.7,2023-01-20,2023-04-30,0
557,33,CVE-2021-69690,9.3,2024-11-05,2025-02-19,0
558,255,CVE-2022-43283,6.8,2025-02-23,2025-08-05,0
559,210,CVE-2019-6737,7.1,2024-10-18,2024-11-18,0
560,67,CVE-2025-26115,6.2,2023-07-02,2023-08-05,0
561,51,CVE-2024-87235,6.3,2023-02-02,2023-09-11,0
562,251,CVE-2022-7433,3.2,2024-06-22,2024-11-27,0
563,188,CVE-2018-28359,4.5,2023-08-15,2023-09-09,0
564,252,CVE-2018-48307,8.5,2025-05-02,2025-11-30,0
565,286,CVE-2018-81862,3.8,2025-01-31,2025-05-12,1
566,137,CVE-2022-11215,5.4,2024-06-25,2024-07-20,1
567,111,CVE-2021-70685,8.4,2024-06-15,2024-12-24,0
568,198,CVE-2021-75714,6.3,2023-07-14,2024-01-05,0
569,92,CVE-2019-84705,6.4,2024-07-25,2024-11-15,0
570,296,CVE-2024-14644,5.4,2024-01-02,2024-07-06,1
571,86,CVE-2023-87184,7.4,2025-03-22,2025-07-09,0
572,81,CVE-2023-73100,7.9,2024-06-30,2024-10-05,0
573,167,CVE-2024-96140,4.4,2025-05-15,2025-12-03,0
574,166,CVE-2021-50160,3.3,2024-09-15,2025-02-08,1
575,282,CVE-2025-53047,2.3,2025-02-01,2025-06-03,0
576,1,CVE-2018-68844,7.0,2025-01-13,2025-06-21,0
577,70,CVE-2021-42275,6.8,2023-11-06,2024-01-08,1
578,12,CVE-2020-13358,10.0,2025-03-01,2025-05-17,0
579,20,CVE-2022-49114,6.2,2024-04-16,2024-05-28,0
580,299,CVE-2022-13046,5.8,2023-09-13,2024-04-14,1
581,293,CVE-2019-95841,6.5,2024-02-14,2024-04-16,0
582,167,CVE-2019-79018,6.6,2025-03-22,2025-07-31,0
583,154,CVE-2024-11286,5.7,2023-02-08,2023-07-12,0
584,29,CVE-2024-55594,4.5,2025-02-28,2025-10-18,0
585,62,CVE-2018-84084,6.1,2025-06-09,2025-11-30,0
586,196,CVE-2023-71769,6.0,2023-02-25,2023-03-14,1
587,290,CVE-2021-21079,5.9,2023-06-03,2023-12-05,0
588,26,CVE-2019-30109,7.6,2024-11-20,2025-03-21,0
589,222,CVE-2023-11819,6.0,2023-10-24,2023-12-03,0
590,244,CVE-2024-35413,3.4,2024-08-08,2025-01-02,0
591,44,CVE-2020-18677,4.8,2024-02-13,2024-09-05,0
592,247,CVE-2021-74553,5.6,2024-07-26,2024-11-11,0
593,269,CVE-2024-43390,6.1,2023-09-10,2023-11-24,1
594,295,CVE-2024-48876,7.1,2023-04-02,2023-07-23,0
595,179,CVE-2018-40953,6.1,2023-07-15,2023-12-21,0
596,87,CVE-2025-82681,2.0,2023-12-25,2024-07-24,0
597,75,CVE-2021-27173,3.6,2024-03-27,2024-10-29,0
598,192,CVE-2019-97938,7.2,2023-06-09,2023-07-07,0
599,28,CVE-2022-2800,5.6,2023-09-06,2023-10-20,0
600,176,CVE-2025-3981,9.0,2024-12-11,2025-04-12,1
601,170,CVE-2021-72620,6.3,2023-08-03,2023-10-03,1
602,268,CVE-2020-92104,5.3,2025-02-07,2025-06-17,0
603,10,CVE-2018-34483,4.8,2024-01-21,2024-07-15,0
604,88,CVE-2022-7957,5.4,2023-03-03,2023-09-28,0
605,239,CVE-2022-87898,6.3,2024-11-01,2025-02-15,1
606,185,CVE-2024-31299,6.0,2025-06-04,2025-08-24,0
607,195,CVE-2023-64525,7.9,2024-06-04,2025-01-28,0
608,273,CVE-2025-74490,3.0,2023-04-01,2023-08-14,0
609,12,CVE-2022-44721,3.3,2023-02-10,2023-07-02,0
610,251,CVE-2023-90694,5.6,2024-02-07,2024-02-18,0
611,181,CVE-2022-9127,7.1,2023-12-30,2024-03-06,0
612,132,CVE-2018-73737,7.5,2025-06-18,2026-01-19,0
613,144,CVE-2024-87105,4.8,2023-08-19,2024-04-11,0
614,71,CVE-2021-55700,0.8,2023-03-31,2023-08-18,0
615,124,CVE-2023-59873,4.9,2024-08-09,2024-11-03,0
616,278,CVE-2021-19102,6.8,2023-05-15,2023-06-26,0
617,159,CVE-2020-57369,6.0,2024-12-06,2025-04-26,0
618,75,CVE-2023-9888,7.2,2024-11-02,2024-12-19,0
619,286,CVE-2023-20073,8.4,2024-06-29,2024-08-22,0
620,16,CVE-2024-40760,5.7,2025-02-22,2025-06-14,0
621,227,CVE-2022-20917,5.1,2025-02-02,2025-08-17,0
622,97,CVE-2022-80377,4.2,2023-04-20,2023-05-03,0
623,291,CVE-2021-91095,3.3,2024-09-19,2024-11-24,0
624,14,CVE-2025-18575,2.8,2024-01-03,2024-07-27,0
625,258,CVE-2023-25114,4.7,2025-05-16,2025-11-21,0
626,199,CVE-2021-30658,8.1,2024-05-18,2024-07-05,0
627,17,CVE-2024-30170,7.4,2024-02-23,2024-05-09,0
628,104,CVE-2025-81879,5.0,2025-02-14,2025-04-07,1
629,251,CVE-2021-57040,10.0,2024-12-05,2025-04-08,0
630,208,CVE-2024-95398,4.8,2025-03-05,2025-09-16,1
631,161,CVE-2018-69242,8.6,2024-02-08,2024-07-10,0
632,56,CVE-2018-33207,9.1,2024-04-07,2024-11-24,0
633,266,CVE-2024-68649,6.9,2024-07-04,2024-07-21,0
634,26,CVE-2022-38475,4.6,2023-07-14,2023-10-30,0
635,237,CVE-2018-91433,5.3,2023-06-20,2023-11-30,0
636,265,CVE-2025-12854,6.4,2023-05-26,2023-11-14,0
637,257,CVE-2020-52520,3.3,2023-04-26,2023-09-29,0
638,212,CVE-2025-78373,4.1,2023-11-28,2024-01-19,0
639,104,CVE-2020-95158,3.9,2024-04-10,2024-07-08,0
640,64,CVE-2023-12181,7.1,2023-04-04,2023-08-04,0
641,269,CVE-2020-50634,8.4,2024-12-25,2025-07-22,0
642,282,CVE-2023-75120,7.4,2024-01-25,2024-03-15,0
643,77,CVE-2018-55995,8.0,2023-06-16,2024-01-05,0
644,158,CVE-2022-83110,4.5,2023-11-13,2024-03-13,0
645,93,CVE-2022-2600,5.4,2023-05-01,2023-05-08,0
646,235,CVE-2018-80689,5.5,2024-05-24,2024-12-23,0
647,253,CVE-2025-60472,6.9,2023-09-01,2024-02-23,0
648,210,CVE-2018-33075,10.0,2024-03-28,2024-09-04,1
649,281,CVE-2021-7411,4.7,2023-10-12,2024-03-09,1
650,95,CVE-2018-20054,7.9,2023-06-01,2023-09-05,0
651,17,CVE-2022-44399,9.1,2024-11-14,2025-04-24,1
652,45,CVE-2020-89092,7.0,2023-02-20,2023-04-13,0
653,146,CVE-2020-60682,5.3,2024-09-17,2025-03-22,1
654,297,CVE-2022-43312,4.3,2024-01-04,2024-07-25,0
655,189,CVE-2019-39382,3.9,2024-01-24,2024-05-19,0
656,242,CVE-2022-44150,2.1,2023-05-18,2023-12-31,0
657,270,CVE-2021-81223,5.6,2024-02-28,2024-08-31,1
658,30,CVE-2019-64394,5.4,2023-04-22,2023-10-07,0
659,148,CVE-2022-69864,7.7,2024-03-13,2024-06-09,1
660,295,CVE-2025-69118,4.8,2024-09-30,2024-11-09,1
661,255,CVE-2021-93875,5.7,2024-05-19,2024-10-29,0
662,149,CVE-2025-82980,6.6,2023-07-18,2023-07-31,0
663,61,CVE-2024-55269,7.0,2025-01-25,2025-07-08,0
664,24,CVE-2021-2480,7.5,2023-12-08,2024-07-08,0
665,104,CVE-2019-41340,6.4,2024-12-07,2025-07-04,1
666,154,CVE-2018-15920,3.4,2024-06-02,2024-12-22,1
667,171,CVE-2018-24020,6.8,2023-12-16,2024-05-16,1
668,100,CVE-2025-63193,4.7,2023-12-05,2024-06-01,0
669,19,CVE-2025-71381,8.5,2024-10-23,2024-12-08,0
670,172,CVE-2018-69298,6.0,2024-04-18,2024-11-01,0
671,154,CVE-2018-28297,6.5,2024-08-01,2024-10-27,0
672,296,CVE-2023-9678,10.0,2024-12-02,2025-07-24,0
673,77,CVE-2020-75839,7.5,2023-10-15,2024-01-26,0
674,200,CVE-2022-93440,6.8,2023-07-11,2024-02-24,0
675,162,CVE-2019-66149,5.7,2024-12-27,2025-04-18,0
676,122,CVE-2021-69825,3.6,2024-01-16,2024-04-09,0
677,155,CVE-2018-27489,5.6,2023-06-29,2024-01-22,1
678,48,CVE-2025-66543,4.3,2024-03-30,2024-10-27,0
679,79,CVE-2022-43904,9.3,2023-07-14,2023-11-21,0
680,74,CVE-2020-27894,6.8,2025-02-26,2025-07-15,0
681,19,CVE-2019-1538,8.4,2024-04-15,2024-11-29,0
682,160,CVE-2019-44684,4.8,2023-02-15,2023-07-24,0
683,240,CVE-2022-3946,4.4,2023-02-17,2023-09-08,1
684,296,CVE-2021-43058,7.3,2025-02-15,2025-10-08,0
685,103,CVE-2023-58817,4.2,2023-07-17,2023-12-07,0
686,61,CVE-2019-2999,5.1,2023-10-07,2023-12-23,1
687,287,CVE-2023-73006,9.5,2024-06-10,2024-11-02,1
688,164,CVE-2022-76246,5.2,2023-10-05,2024-05-04,0
689,126,CVE-2023-71854,3.2,2023-06-25,2023-12-05,0
690,228,CVE-2018-14884,2.5,2023-02-21,2023-06-28,0
691,197,CVE-2020-93363,2.9,2023-02-25,2023-06-12,0
692,229,CVE-2021-94441,8.5,2024-09-23,2024-12-24,0
693,274,CVE-2019-92566,4.9,2023-03-22,2023-05-01,0
694,240,CVE-2025-62675,10.0,2023-04-10,2023-10-09,0
695,119,CVE-2022-48638,9.1,2023-08-18,2024-04-10,0
696,201,CVE-2023-43567,10.0,2023-07-07,2023-12-31,0
697,233,CVE-2019-47064,8.0,2024-05-14,2024-09-19,0
698,246,CVE-2023-80225,7.2,2024-04-17,2024-11-06,1
699,295,CVE-2019-43712,4.4,2023-05-11,2023-08-29,0
700,285,CVE-2025-53535,6.0,2024-10-27,2025-01-19,0
701,212,CVE-2020-64225,7.4,2023-09-02,2024-01-27,0
702,197,CVE-2024-58062,7.9,2023-03-09,2023-10-10,0
703,291,CVE-2021-23686,3.7,2025-03-17,2025-09-17,0
704,40,CVE-2025-15984,5.6,2025-01-27,2025-09-05,0
705,238,CVE-2025-24091,5.8,2023-11-30,2024-07-04,0
706,158,CVE-2024-43914,5.8,2024-02-20,2024-03-25,0
707,254,CVE-2021-19208,4.0,2024-10-22,2024-11-21,0
708,298,CVE-2020-87623,9.7,2025-02-12,2025-02-19,0
709,77,CVE-2025-26646,5.5,2024-04-08,2024-07-23,1
710,106,CVE-2022-57980,4.1,2024-11-28,2025-04-29,0
711,177,CVE-2024-17718,9.8,2023-04-02,2023-09-12,0
712,151,CVE-2018-1110,9.1,2023-03-05,2023-07-30,0
713,287,CVE-2022-5087,6.3,2025-04-20,2025-12-03,0
714,121,CVE-2023-94293,2.5,2024-03-18,2024-07-03,1
715,196,CVE-2021-87833,5.1,2024-02-20,2024-07-15,1
716,89,CVE-2024-48223,2.8,2024-05-01,2024-09-27,1
717,214,CVE-2020-18600,7.0,2023-06-07,2023-12-02,0
718,6,CVE-2025-87235,4.9,2023-03-15,2023-04-27,0
719,224,CVE-2024-60772,5.9,2023-05-20,2023-11-07,0
720,218,CVE-2024-73358,9.5,2024-09-30,2025-02-14,0
721,231,CVE-2024-80242,4.8,2024-01-29,2024-03-23,0
722,4,CVE-2021-94340,6.9,2024-08-14,2025-02-24,0
723,257,CVE-2023-5385,7.5,2023-10-03,2024-02-26,1
724,20,CVE-2019-77056,8.5,2024-08-04,2024-11-13,0
725,247,CVE-2022-61940,5.8,2024-12-08,2025-06-19,0
726,265,CVE-2019-33142,5.6,2023-03-22,2023-09-01,0
727,242,CVE-2019-90662,5.5,2024-10-07,2025-04-03,0
728,277,CVE-2018-46029,6.7,2025-03-28,2025-09-07,0
729,274,CVE-2025-76230,9.0,2025-03-08,2025-07-09,0
730,170,CVE-2022-22955,5.5,2024-03-07,2024-05-28,0
731,19,CVE-2022-9050,1.2,2024-12-12,2025-03-06,0
732,243,CVE-2022-97649,7.8,2024-08-15,2024-09-04,1
733,14,CVE-2019-37418,6.1,2023-10-21,2023-11-29,1
734,130,CVE-2022-2861,7.0,2023-05-16,2023-08-01,0
735,58,CVE-2020-87396,2.9,2024-09-10,2025-02-15,0
736,229,CVE-2021-64559,4.9,2024-01-14,2024-08-08,1
737,93,CVE-2023-12062,7.6,2025-03-29,2025-04-13,0
738,75,CVE-2024-51222,3.5,2024-09-01,2025-01-12,0
739,122,CVE-2020-28637,6.9,2024-11-07,2025-04-26,0
740,296,CVE-2022-16203,5.9,2025-01-21,2025-07-11,0
741,27,CVE-2022-63425,4.5,2023-06-21,2023-10-27,1
742,273,CVE-2024-63205,4.4,2023-08-28,2024-03-02,0
743,135,CVE-2018-38852,4.0,2023-05-29,2023-09-24,1
744,230,CVE-2018-13761,6.1,2024-01-27,2024-06-17,0
745,273,CVE-2022-44904,6.4,2024-10-14,2025-02-08,0
746,139,CVE-2024-61438,5.3,2023-10-01,2024-03-23,0
747,124,CVE-2021-69151,3.9,2025-01-21,2025-08-13,0
748,173,CVE-2018-89185,0.2,2024-11-24,2025-02-19,1
749,5,CVE-2019-69847,6.9,2025-05-01,2025-08-21,0
750,54,CVE-2022-34016,7.8,2024-12-02,2025-02-03,0
751,99,CVE-2018-78874,7.2,2023-02-04,2023-03-06,0
752,112,CVE-2019-12322,10.0,2024-09-05,2025-03-12,0
753,67,CVE-2020-15528,5.6,2024-01-20,2024-09-13,0
754,95,CVE-2019-84726,8.7,2023-09-17,2024-03-11,0
755,233,CVE-2023-34729,4.7,2023-10-11,2024-06-05,0
756,83,CVE-2018-51174,4.4,2025-03-10,2025-10-01,0
757,199,CVE-2022-24321,6.2,2023-12-07,2024-07-09,0
758,226,CVE-2024-24388,9.2,2023-03-13,2023-05-10,1
759,252,CVE-2024-29624,5.4,2023-04-22,2023-11-11,1
760,55,CVE-2018-10557,2.9,2024-03-28,2024-04-30,0
761,37,CVE-2025-3459,7.8,2024-08-08,2025-03-01,0
762,255,CVE-2018-88111,5.8,2023-06-02,2023-06-09,0
763,200,CVE-2024-76319,6.6,2023-09-30,2023-12-30,1
764,2,CVE-2025-58154,4.5,2024-06-11,2024-10-21,0
765,207,CVE-2019-71795,6.2,2025-05-14,2025-12-14,0
766,116,CVE-2025-16886,3.1,2023-01-04,2023-08-08,0
767,291,CVE-2022-53509,9.7,2024-07-02,2024-12-30,0
768,29,CVE-2023-11545,8.2,2024-10-09,2025-01-17,0
769,236,CVE-2020-73676,6.1,2025-02-17,2025-04-16,0
770,21,CVE-2024-14994,7.7,2024-01-29,2024-04-21,0
771,184,CVE-2025-97380,4.7,2024-05-13,2024-10-28,1
772,98,CVE-2021-65124,8.1,2023-05-24,2023-06-06,1
773,200,CVE-2025-70984,5.3,2023-03-06,2023-05-30,0
774,231,CVE-2023-95504,5.2,2023-01-17,2023-02-07,1
775,22,CVE-2025-89877,4.1,2024-02-20,2024-09-20,0
776,275,CVE-2019-5833,6.8,2023-06-02,2023-08-07,0
777,73,CVE-2018-32808,6.0,2024-05-15,2024-09-19,1
778,67,CVE-2022-13752,8.8,2023-01-15,2023-02-03,0
779,234,CVE-2019-14937,3.9,2024-09-17,2025-02-22,1
780,59,CVE-2021-9271,6.9,2024-05-24,2024-11-04,0
781,104,CVE-2024-43498,8.4,2024-03-12,2024-10-18,0
782,62,CVE-2023-28948,10.0,2024-12-01,2025-01-12,1
783,24,CVE-2019-36899,6.4,2024-08-30,2024-09-22,0
784,73,CVE-2023-73536,5.3,2025-02-14,2025-08-18,1
785,85,CVE-2018-18481,6.3,2024-03-25,2024-08-27,0
786,52,CVE-2020-3048,8.6,2025-03-21,2025-07-02,0
787,250,CVE-2019-93633,8.6,2023-03-24,2023-05-15,0
788,146,CVE-2025-91748,5.8,2024-03-02,2024-09-27,0
789,65,CVE-2025-55005,8.6,2023-07-31,2023-10-15,0
790,123,CVE-2020-95004,6.0,2023-06-28,2023-07-14,0
791,256,CVE-2022-46593,7.7,2024-09-18,2025-04-24,0
792,215,CVE-2019-70494,7.1,2023-01-05,2023-03-02,0
793,49,CVE-2021-61845,5.2,2024-09-25,2025-04-14,0
794,107,CVE-2020-90816,4.2,2023-10-11,2023-11-15,0
795,243,CVE-2018-8081,8.4,2024-05-24,2024-11-18,0
796,187,CVE-2023-81847,9.0,2023-10-19,2023-12-29,1
797,233,CVE-2020-21715,6.8,2023-02-14,2023-03-06,0
798,15,CVE-2021-95555,6.0,2024-05-11,2024-06-05,0
799,228,CVE-2021-98922,3.6,2024-08-29,2024-12-21,0
800,167,CVE-2019-32079,8.4,2023-08-24,2023-10-28,0
801,212,CVE-2021-10637,6.6,2025-06-09,2026-01-30,0
802,242,CVE-2024-19997,5.5,2024-08-22,2025-04-13,1
803,111,CVE-2023-18878,7.7,2024-09-16,2024-12-31,0
804,235,CVE-2022-27504,3.3,2025-01-07,2025-04-15,0
805,172,CVE-2018-37779,4.0,2023-05-11,2023-10-10,0
806,70,CVE-2020-46033,4.6,2023-04-24,2023-08-16,0
807,113,CVE-2020-76775,7.0,2023-10-30,2024-05-26,1
808,284,CVE-2025-29369,6.4,2025-05-25,2025-09-14,0
809,243,CVE-2024-97492,7.3,2025-05-07,2025-05-17,0
810,127,CVE-2021-78564,8.2,2023-09-11,2024-02-13,1
811,77,CVE-2018-62689,7.3,2024-08-10,2024-08-28,0
812,259,CVE-2025-92311,9.8,2023-02-04,2023-05-22,0
813,51,CVE-2018-91853,8.2,2024-04-08,2024-05-06,0
814,209,CVE-2021-85887,5.8,2023-08-12,2023-11-02,0
815,47,CVE-2020-93183,4.9,2023-01-17,2023-04-12,0
816,236,CVE-2018-60616,5.8,2025-05-28,2025-10-31,1
817,238,CVE-2024-25241,7.4,2025-03-01,2025-09-04,0
818,190,CVE-2018-83222,5.1,2024-10-03,2025-03-21,1
819,37,CVE-2018-39874,7.5,2024-01-30,2024-06-20,0
820,219,CVE-2021-90740,7.2,2025-02-09,2025-07-22,1
821,42,CVE-2023-7758,4.1,2024-09-27,2024-10-18,1
822,57,CVE-2018-48916,8.2,2024-01-28,2024-07-11,0
823,188,CVE-2019-74499,6.7,2023-06-29,2024-01-02,0
824,105,CVE-2019-86070,9.7,2023-05-22,2023-10-14,0
825,245,CVE-2021-99719,6.0,2025-01-25,2025-07-30,0
826,116,CVE-2024-37325,5.4,2023-11-25,2024-02-08,0
827,28,CVE-2025-66726,3.9,2023-03-06,2023-07-06,0
828,270,CVE-2022-60241,3.9,2025-04-29,2025-11-03,0
829,189,CVE-2019-25687,7.9,2025-03-30,2025-10-30,1
830,235,CVE-2020-38797,9.4,2023-03-31,2023-11-22,0
831,40,CVE-2020-66054,5.8,2023-04-22,2023-05-27,0
832,78,CVE-2018-39426,5.7,2025-06-14,2025-11-28,0
833,214,CVE-2025-46442,6.1,2024-11-29,2025-01-08,0
834,216,CVE-2022-25780,8.3,2024-03-30,2024-04-11,1
835,33,CVE-2023-54961,4.1,2023-01-23,2023-06-12,0
836,297,CVE-2023-64720,6.5,2023-12-18,2024-07-13,1
837,272,CVE-2022-75350,8.0,2025-05-12,2025-09-13,1
838,68,CVE-2022-30724,7.0,2025-03-19,2025-10-14,0
839,248,CVE-2018-20443,0.6,2024-01-16,2024-08-26,0
840,181,CVE-2020-94298,7.4,2023-10-19,2024-04-01,0
841,275,CVE-2020-22135,7.0,2023-10-20,2024-05-28,1
842,122,CVE-2020-58788,8.7,2023-04-30,2023-10-01,0
843,134,CVE-2018-88235,9.2,2024-01-14,2024-06-12,0
844,163,CVE-2020-70945,8.6,2023-12-19,2024-04-18,0
845,155,CVE-2020-61036,6.2,2023-05-05,2023-09-16,0
846,164,CVE-2023-85835,2.8,2023-06-09,2023-11-02,0
847,152,CVE-2020-75086,10.0,2024-04-30,2024-09-30,1
848,227,CVE-2025-6253,5.6,2023-12-13,2024-06-24,0
849,72,CVE-2018-53642,6.1,2024-11-25,2025-02-18,0
850,113,CVE-2018-80711,9.4,2024-04-01,2024-06-30,0
851,100,CVE-2022-26652,4.5,2024-08-20,2025-03-15,0
852,12,CVE-2019-68081,3.4,2023-03-27,2023-07-26,0
853,202,CVE-2018-88394,5.1,2023-07-19,2023-12-27,1
854,185,CVE-2024-49448,4.6,2024-02-12,2024-09-24,0
855,198,CVE-2023-41381,3.2,2024-01-17,2024-04-21,0
856,229,CVE-2025-98193,5.8,2025-06-14,2025-08-15,0
857,213,CVE-2024-96499,6.2,2025-04-02,2025-05-20,0
858,213,CVE-2020-28234,3.1,2023-05-23,2023-06-21,0
859,156,CVE-2024-12593,5.4,2024-05-01,2024-05-24,1
860,4,CVE-2024-23923,4.5,2024-02-24,2024-05-10,0
861,285,CVE-2020-27117,2.2,2024-04-18,2024-11-04,1
862,96,CVE-2025-6535,6.2,2025-05-02,2025-09-27,0
863,155,CVE-2025-30428,6.4,2025-05-04,2025-09-14,0
864,14,CVE-2022-84958,4.5,2025-03-21,2025-06-03,0
865,242,CVE-2022-55677,8.2,2023-05-08,2023-12-29,0
866,92,CVE-2018-16644,6.0,2024-05-18,2024-07-26,0
867,142,CVE-2023-77161,4.6,2024-05-19,2024-12-02,0
868,247,CVE-2025-91996,3.0,2024-08-02,2024-10-14,0
869,62,CVE-2018-35018,6.5,2024-01-18,2024-06-20,0
870,84,CVE-2025-91869,7.0,2024-08-18,2024-11-14,0
871,70,CVE-2023-55986,5.0,2024-01-01,2024-03-17,0
872,183,CVE-2019-68353,6.3,2023-02-19,2023-07-11,0
873,100,CVE-2019-79480,9.2,2025-02-23,2025-09-13,0
874,86,CVE-2022-36580,7.8,2024-07-10,2024-10-05,0
875,186,CVE-2020-2690,1.7,2023-04-09,2023-07-15,0
876,71,CVE-2025-55000,4.6,2024-06-14,2025-01-06,0
877,175,CVE-2021-25696,5.7,2023-06-16,2023-08-01,0
878,287,CVE-2019-55702,6.2,2024-09-20,2025-02-08,0
879,236,CVE-2018-63851,6.3,2023-03-20,2023-04-29,0
880,179,CVE-2025-79335,6.9,2023-11-16,2023-12-28,0
881,268,CVE-2022-4769,5.8,2025-02-20,2025-08-27,0
882,61,CVE-2020-91183,6.0,2023-08-16,2024-02-16,1
883,117,CVE-2019-56680,7.9,2023-11-11,2023-12-21,0
884,58,CVE-2024-6572,6.6,2023-03-21,2023-07-29,0
885,101,CVE-2018-62483,3.7,2023-04-21,2023-10-13,0
886,61,CVE-2018-99900,6.2,2023-09-17,2023-12-10,0
887,50,CVE-2021-78018,5.7,2025-03-12,2025-08-20,0
888,103,CVE-2019-20078,2.2,2023-07-09,2023-07-23,0
889,143,CVE-2021-67179,6.3,2024-08-16,2024-10-03,0
890,292,CVE-2018-70315,3.9,2023-03-11,2023-08-13,0
891,112,CVE-2018-96072,7.9,2025-01-02,2025-02-21,0
892,51,CVE-2025-49033,6.9,2023-08-08,2024-02-12,0
893,95,CVE-2023-50756,3.6,2024-03-26,2024-05-18,0
894,218,CVE-2019-42193,7.8,2023-08-08,2023-11-27,0
895,64,CVE-2025-48349,8.8,2024-04-22,2024-06-02,1
896,148,CVE-2023-65711,5.5,2024-07-24,2024-08-21,1
897,60,CVE-2022-91052,5.7,2024-01-30,2024-07-08,0
898,228,CVE-2024-25744,7.6,2023-08-20,2023-11-09,0
899,36,CVE-2020-2675,8.6,2025-05-11,2025-08-20,0
900,252,CVE-2019-16626,2.7,2024-11-19,2025-03-18,0
901,74,CVE-2019-98180,3.8,2024-02-09,2024-07-16,0
902,87,CVE-2021-78982,5.2,2023-03-08,2023-06-09,0
903,207,CVE-2025-37505,5.4,2023-05-06,2023-08-29,0
904,298,CVE-2024-47674,7.6,2024-08-30,2025-03-27,0
905,244,CVE-2022-20316,8.6,2024-11-13,2025-03-24,0
906,233,CVE-2025-31254,8.8,2023-04-21,2023-08-31,0
907,69,CVE-2019-66291,2.6,2023-01-31,2023-02-20,0
908,14,CVE-2023-21019,4.4,2023-07-03,2023-12-30,0
909,156,CVE-2019-87649,3.5,2024-09-28,2025-04-17,1
910,267,CVE-2021-39477,4.8,2025-02-24,2025-06-30,0
911,255,CVE-2023-71848,4.4,2024-05-17,2024-10-09,0
912,280,CVE-2019-51283,6.8,2023-01-19,2023-09-08,0
913,231,CVE-2018-5306,7.1,2023-11-19,2024-03-22,0
914,91,CVE-2022-93544,6.0,2024-07-24,2025-02-15,0
915,85,CVE-2024-64891,5.8,2024-05-18,2024-08-12,0
916,57,CVE-2025-63378,5.3,2024-08-05,2025-01-27,0
917,288,CVE-2024-35523,5.5,2025-05-24,2025-06-14,0
918,254,CVE-2023-38281,9.2,2024-08-28,2025-02-24,1
919,165,CVE-2020-49026,7.4,2023-03-04,2023-03-22,0
920,179,CVE-2023-50882,5.3,2025-04-08,2025-04-21,1
921,50,CVE-2023-8398,5.8,2024-03-14,2024-07-04,0
922,126,CVE-2019-91176,6.9,2023-09-11,2023-12-06,0
923,34,CVE-2020-3583,3.6,2025-06-08,2025-09-09,0
924,276,CVE-2024-75455,6.3,2023-11-30,2024-05-23,0
925,264,CVE-2025-78068,7.3,2024-03-07,2024-09-08,0
926,12,CVE-2023-76043,7.0,2023-11-21,2024-03-06,0
927,51,CVE-2021-45035,4.4,2025-04-07,2025-10-07,0
928,255,CVE-2022-48622,4.8,2024-05-29,2024-07-17,0
929,224,CVE-2019-71232,2.0,2023-07-26,2024-03-05,0
930,110,CVE-2024-30607,7.5,2023-10-22,2024-01-13,0
931,48,CVE-2023-36830,10.0,2025-01-04,2025-06-11,0
932,35,CVE-2021-46523,4.2,2024-08-03,2024-11-27,0
933,40,CVE-2022-57742,8.2,2024-10-29,2025-05-29,0
934,277,CVE-2022-82915,9.9,2023-11-17,2024-03-05,0
935,264,CVE-2020-3438,5.1,2024-04-09,2024-09-03,0
936,265,CVE-2021-87613,5.8,2025-06-02,2025-10-14,0
937,240,CVE-2024-75202,6.5,2023-10-02,2024-05-03,0
938,31,CVE-2020-32506,6.9,2024-06-18,2024-10-21,1
939,78,CVE-2024-54773,6.6,2025-02-03,2025-04-27,0
940,164,CVE-2024-35987,5.2,2025-05-30,2025-07-28,0
941,147,CVE-2021-54197,7.2,2024-10-23,2025-04-23,1
942,123,CVE-2021-41703,5.3,2023-04-27,2023-05-11,0
943,238,CVE-2018-27475,6.8,2024-05-12,2024-09-04,0
944,82,CVE-2022-87333,5.9,2023-10-07,2023-12-19,1
945,282,CVE-2025-3609,2.5,2023-06-30,2023-07-17,0
946,29,CVE-2022-9333,8.5,2025-05-30,2025-11-07,0
947,209,CVE-2019-53021,4.8,2024-01-08,2024-08-28,0
948,72,CVE-2019-69414,8.7,2023-08-30,2024-03-12,0
949,298,CVE-2019-32205,8.1,2025-03-04,2025-07-16,1
950,63,CVE-2024-99090,6.4,2025-03-02,2025-10-08,0
951,121,CVE-2020-29063,7.0,2024-03-09,2024-04-12,0
952,141,CVE-2018-65272,7.3,2024-03-26,2024-11-08,1
953,274,CVE-2024-63240,5.6,2024-01-19,2024-04-16,1
954,127,CVE-2023-41392,5.7,2023-10-12,2024-02-17,0
955,11,CVE-2018-91529,7.2,2024-10-22,2025-06-01,0
956,123,CVE-2023-90816,0.1,2023-09-17,2023-12-12,1
957,63,CVE-2024-2031,6.0,2024-07-01,2024-10-29,0
958,202,CVE-2021-39983,5.2,2023-09-19,2024-04-23,0
959,108,CVE-2023-85466,4.5,2025-05-30,2025-09-26,0
960,209,CVE-2019-65447,6.8,2025-03-19,2025-11-02,0
961,242,CVE-2023-95029,4.7,2025-01-24,2025-09-03,0
962,217,CVE-2022-67366,7.7,2025-06-16,2025-08-03,1
963,34,CVE-2023-60409,7.9,2023-12-27,2024-07-07,0
964,15,CVE-2020-83595,7.0,2025-02-19,2025-08-09,0
965,228,CVE-2024-27224,7.5,2025-03-21,2025-03-28,0
966,157,CVE-2020-33716,7.0,2023-11-18,2023-12-23,0
967,265,CVE-2024-42864,7.6,2024-12-31,2025-02-09,0
968,232,CVE-2020-91107,7.5,2024-05-04,2024-07-16,0
969,168,CVE-2024-49182,6.7,2025-03-29,2025-04-26,0
970,94,CVE-2021-3717,8.1,2024-02-07,2024-09-27,0
971,12,CVE-2021-12662,5.7,2024-07-25,2025-01-08,0
972,237,CVE-2020-7525,4.5,2023-07-23,2024-03-04,0
973,206,CVE-2020-12673,4.4,2024-09-24,2024-12-06,1
974,189,CVE-2024-60468,5.4,2023-06-24,2023-07-04,1
975,254,CVE-2021-35891,2.2,2023-05-02,2023-06-30,0
976,148,CVE-2024-28080,6.4,2025-02-03,2025-03-15,0
977,111,CVE-2021-55831,7.3,2025-04-23,2025-10-20,0
978,93,CVE-2022-31865,7.9,2024-02-23,2024-05-14,0
979,231,CVE-2025-12237,2.8,2023-09-12,2024-03-12,0
980,6,CVE-2024-91027,4.5,2024-04-25,2024-07-23,0
981,109,CVE-2022-10575,7.7,2024-12-31,2025-04-25,0
982,49,CVE-2021-62726,5.6,2024-07-24,2024-10-24,0
983,182,CVE-2018-1702,7.3,2024-09-12,2025-02-19,1
984,130,CVE-2024-88983,3.5,2024-05-31,2024-08-23,0
985,190,CVE-2020-35116,8.7,2023-05-16,2023-10-18,0
986,87,CVE-2025-18290,3.4,2024-05-30,2024-08-31,1
987,46,CVE-2020-35131,0.0,2023-11-21,2024-03-17,0
988,60,CVE-2022-99018,6.4,2023-11-17,2024-03-30,0
989,185,CVE-2022-81338,6.4,2024-03-16,2024-11-02,0
990,136,CVE-2020-42358,5.0,2024-06-13,2025-02-03,0
991,252,CVE-2025-7975,7.0,2025-02-21,2025-10-04,0
992,97,CVE-2018-62636,7.0,2023-06-02,2023-07-25,0
993,134,CVE-2019-65868,6.8,2023-06-17,2023-10-13,0
994,21,CVE-2025-60999,5.0,2024-03-28,2024-08-25,0
995,253,CVE-2019-46823,4.6,2023-04-26,2023-06-09,0
996,48,CVE-2020-99295,5.2,2023-07-28,2024-03-04,0
997,261,CVE-2021-77486,4.4,2025-04-22,2025-12-13,0
998,3,CVE-2019-33264,8.2,2024-06-22,2024-10-13,0
999,256,CVE-2018-38261,5.3,2024-11-24,2025-02-23,1
1000,63,CVE-2023-21155,6.3,2024-02-08,2024-03-13,0
1001,15,CVE-2025-60513,7.7,2023-03-25,2023-09-29,0
1002,138,CVE-2018-87005,4.3,2024-08-31,2024-11-30,0
1003,232,CVE-2020-28704,3.3,2023-11-29,2024-07-25,1
1004,25,CVE-2018-98491,4.4,2025-03-31,2025-06-28,0
1005,37,CVE-2024-34444,6.5,2024-07-14,2024-08-13,0
1006,92,CVE-2021-22356,6.4,2023-09-03,2023-09-15,1
1007,199,CVE-2020-16807,6.8,2025-03-09,2025-08-28,0
1008,153,CVE-2022-90779,5.8,2024-05-17,2024-12-16,0
1009,68,CVE-2023-68194,1.1,2024-01-03,2024-08-10,0
1010,103,CVE-2025-36190,5.7,2024-05-16,2024-08-30,0
1011,289,CVE-2024-49265,7.9,2024-09-06,2025-03-25,1
1012,96,CVE-2018-68284,8.5,2024-03-20,2024-04-19,0
1013,175,CVE-2020-65922,6.2,2024-04-19,2024-10-08,0
1014,270,CVE-2022-62370,6.4,2024-10-06,2024-11-03,0
1015,224,CVE-2020-90694,7.2,2023-03-23,2023-05-07,0
1016,154,CVE-2022-75519,8.4,2025-05-11,2025-09-04,0
1017,25,CVE-2019-67932,6.0,2024-07-18,2024-08-05,0
1018,218,CVE-2022-47590,7.2,2024-02-27,2024-08-21,0
1019,131,CVE-2018-15933,4.9,2024-08-22,2025-01-04,0
1020,237,CVE-2018-11917,3.6,2023-07-03,2023-10-18,0
1021,214,CVE-2025-88852,5.1,2025-06-16,2025-09-11,1
1022,231,CVE-2020-28665,8.9,2024-09-30,2025-05-18,1
1023,95,CVE-2019-57858,7.2,2023-03-22,2023-06-03,0
1024,274,CVE-2018-23509,3.7,2023-01-19,2023-02-24,1
1025,245,CVE-2025-40688,7.3,2024-04-16,2024-12-01,0
1026,185,CVE-2024-40669,3.9,2024-12-08,2025-06-05,0
1027,45,CVE-2019-3082,6.8,2023-05-09,2023-07-03,0
1028,97,CVE-2020-86162,4.2,2025-05-29,2025-10-06,0
1029,124,CVE-2021-12284,3.6,2024-03-22,2024-10-17,0
1030,155,CVE-2024-3859,9.3,2025-02-27,2025-07-05,0
1031,60,CVE-2025-64576,5.3,2023-06-20,2023-12-23,0
1032,242,CVE-2021-39644,7.2,2023-01-21,2023-03-31,0
1033,292,CVE-2018-14456,6.1,2025-04-29,2025-07-30,0
1034,222,CVE-2022-5851,4.0,2024-03-01,2024-08-03,1
1035,250,CVE-2025-31396,5.5,2024-02-14,2024-07-21,0
1036,32,CVE-2023-73516,4.0,2024-06-24,2024-11-25,0
1037,33,CVE-2025-16327,10.0,2023-10-02,2024-05-23,0
1038,254,CVE-2024-3727,7.6,2024-09-29,2025-01-28,0
1039,83,CVE-2023-58424,6.0,2023-10-22,2024-02-26,0
1040,119,CVE-2023-79918,7.1,2024-06-03,2025-01-28,0
1041,240,CVE-2024-55638,7.4,2023-05-15,2023-11-20,0
1042,185,CVE-2020-82506,7.4,2025-03-26,2025-11-04,1
1043,107,CVE-2025-17920,7.3,2023-10-17,2023-11-15,0
1044,89,CVE-2019-55523,7.2,2023-07-24,2023-12-03,0
1045,253,CVE-2018-3376,6.2,2023-11-07,2024-04-04,0
1046,184,CVE-2020-23900,9.1,2025-06-21,2025-12-18,0
1047,258,CVE-2019-81945,6.3,2023-02-02,2023-05-30,1
1048,117,CVE-2022-45606,6.1,2023-05-04,2023-09-12,0
1049,182,CVE-2022-20815,6.3,2025-02-26,2025-10-15,0
1050,264,CVE-2018-58386,6.5,2024-09-10,2025-03-16,0
1051,235,CVE-2019-74724,2.8,2025-05-11,2025-12-04,0
1052,22,CVE-2019-27920,4.3,2024-06-03,2024-11-18,0
1053,186,CVE-2025-67308,5.8,2023-06-10,2023-12-15,0
1054,256,CVE-2023-44857,2.7,2025-01-20,2025-07-11,0
1055,71,CVE-2018-33154,6.0,2023-05-06,2023-08-27,1
1056,243,CVE-2019-35867,6.5,2023-12-16,2024-02-04,0
1057,191,CVE-2021-20871,3.5,2025-01-02,2025-06-19,0
1058,272,CVE-2024-55186,4.8,2024-03-07,2024-10-05,0
1059,210,CVE-2023-4901,8.6,2024-04-14,2024-10-12,0
1060,227,CVE-2019-12112,7.1,2023-05-30,2023-12-29,0
1061,174,CVE-2024-9056,7.0,2023-11-19,2024-01-07,0
1062,202,CVE-2020-76308,8.3,2025-02-16,2025-08-06,0
1063,30,CVE-2022-55959,4.4,2024-10-08,2025-04-02,1
1064,206,CVE-2022-95575,3.5,2024-11-28,2025-07-16,0
1065,161,CVE-2020-92789,8.0,2023-12-19,2024-03-06,0
1066,207,CVE-2025-92418,5.8,2024-04-01,2024-11-21,0
1067,177,CVE-2021-40522,4.3,2025-04-11,2025-11-02,0
1068,44,CVE-2020-69219,10.0,2023-02-07,2023-05-24,1
1069,277,CVE-2022-69332,2.8,2023-10-18,2024-03-03,0
1070,175,CVE-2018-71770,6.4,2025-02-14,2025-02-26,0
1071,133,CVE-2019-96942,5.6,2023-09-05,2023-12-29,1
1072,31,CVE-2023-17228,5.3,2025-05-11,2025-10-25,0
1073,25,CVE-2022-76030,1.6,2025-02-13,2025-06-14,0
1074,3,CVE-2021-46919,9.1,2024-04-09,2024-11-08,0
1075,154,CVE-2020-94631,3.2,2023-10-19,2024-05-21,0
1076,194,CVE-2023-68692,5.5,2024-06-16,2024-07-19,1
1077,299,CVE-2020-94276,5.1,2023-07-17,2023-08-18,1
1078,218,CVE-2018-56690,7.2,2025-04-28,2025-05-28,0
1079,67,CVE-2023-89712,2.8,2024-05-02,2024-05-28,0
1080,270,CVE-2024-35562,6.9,2024-02-17,2024-07-05,0
1081,300,CVE-2025-96907,6.4,2024-05-25,2024-09-21,1
1082,214,CVE-2020-64539,4.7,2025-04-23,2025-09-06,0
1083,235,CVE-2019-92025,6.9,2023-05-13,2023-12-26,0
1084,109,CVE-2020-74272,6.0,2024-04-11,2024-10-26,0
1085,190,CVE-2019-16842,9.6,2023-05-02,2023-08-21,0
1086,190,CVE-2020-16432,5.6,2024-08-08,2024-12-26,0
1087,191,CVE-2025-4667,4.1,2023-11-09,2024-01-30,0
1088,74,CVE-2022-38156,6.9,2023-05-26,2023-06-14,0
1089,111,CVE-2019-72766,5.4,2023-07-07,2023-07-14,0
1090,179,CVE-2022-75155,6.0,2023-03-11,2023-07-19,0
1091,232,CVE-2020-19156,3.5,2023-12-12,2024-07-19,0
1092,259,CVE-2025-20527,7.2,2024-10-13,2025-02-12,1
1093,167,CVE-2024-51755,5.1,2023-04-02,2023-09-15,0
1094,120,CVE-2025-97457,6.5,2024-02-09,2024-02-27,0
1095,143,CVE-2018-75972,10.0,2024-10-23,2024-12-11,0
1096,159,CVE-2019-26221,5.5,2024-07-28,2025-01-15,0
1097,278,CVE-2021-99377,7.5,2024-08-13,2024-12-31,1
1098,244,CVE-2020-3486,5.6,2024-05-29,2024-11-20,0
1099,141,CVE-2025-12094,4.7,2025-03-16,2025-10-21,0
1100,274,CVE-2018-65418,8.6,2024-09-13,2025-02-17,0
1101,12,CVE-2018-70193,2.3,2023-12-15,2024-04-06,0
1102,163,CVE-2019-72012,8.0,2024-01-27,2024-03-03,0
1103,87,CVE-2019-21214,2.1,2023-10-20,2023-12-31,0
1104,158,CVE-2023-24784,7.8,2024-02-22,2024-03-15,0
1105,14,CVE-2019-42948,6.0,2024-12-31,2025-04-16,0
1106,73,CVE-2019-7799,4.1,2024-02-27,2024-06-09,0
1107,104,CVE-2025-67666,5.2,2023-09-03,2023-11-09,1
1108,259,CVE-2023-61925,7.4,2024-01-30,2024-02-21,0
1109,284,CVE-2024-84039,10.0,2024-02-21,2024-03-06,0
1110,120,CVE-2019-33285,2.9,2023-01-20,2023-06-26,0
1111,285,CVE-2024-59455,4.2,2024-10-29,2025-03-30,1
1112,43,CVE-2020-49929,3.3,2025-05-16,2025-07-14,1
1113,277,CVE-2025-6477,5.6,2023-06-22,2023-10-15,0
1114,1,CVE-2022-86597,7.8,2025-04-12,2025-09-24,0
1115,86,CVE-2022-79363,3.1,2023-01-01,2023-05-11,0
1116,129,CVE-2021-77697,6.0,2025-05-09,2025-08-13,0
1117,262,CVE-2019-40405,7.8,2023-10-16,2024-04-29,0
1118,46,CVE-2020-96036,5.2,2024-02-09,2024-09-15,0
1119,285,CVE-2023-90404,0.8,2023-10-14,2024-03-25,1
1120,176,CVE-2025-36784,6.4,2024-10-12,2025-04-18,1
1121,126,CVE-2025-79579,8.5,2024-11-09,2025-01-08,0
1122,169,CVE-2018-80794,3.9,2023-01-17,2023-07-08,0
1123,244,CVE-2024-73848,2.4,2023-01-05,2023-02-25,0
1124,251,CVE-2019-71601,6.6,2025-02-19,2025-03-18,0
1125,16,CVE-2019-47267,6.7,2025-05-02,2025-10-28,0
1126,193,CVE-2020-92361,5.0,2025-04-27,2025-08-11,0
1127,5,CVE-2025-2227,4.6,2023-05-08,2023-07-03,1
1128,114,CVE-2023-26101,6.1,2025-01-30,2025-04-18,0
1129,47,CVE-2021-31704,3.8,2025-04-15,2025-07-08,0
1130,253,CVE-2021-1935,3.8,2024-01-07,2024-05-19,0
1131,101,CVE-2022-75593,7.4,2025-04-20,2025-05-25,0
1132,257,CVE-2020-9566,3.7,2024-05-20,2024-07-15,1
1133,66,CVE-2021-69561,2.5,2025-02-02,2025-04-16,0
1134,141,CVE-2022-90218,4.6,2023-07-16,2024-01-16,0
1135,287,CVE-2018-43336,5.1,2024-04-09,2024-09-27,0
1136,222,CVE-2025-65955,6.9,2025-05-14,2025-06-21,1
1137,186,CVE-2021-7155,4.8,2024-06-13,2024-12-21,0
1138,143,CVE-2018-52361,8.8,2024-03-06,2024-06-01,0
1139,100,CVE-2018-97658,6.2,2023-12-09,2024-05-10,0
1140,116,CVE-2021-22558,4.4,2024-12-07,2025-02-15,0
1141,169,CVE-2019-4653,6.8,2023-11-15,2024-04-30,1
1142,246,CVE-2023-33821,8.8,2024-03-18,2024-10-15,0
1143,127,CVE-2018-44724,7.3,2023-04-21,2023-07-24,0
1144,267,CVE-2025-13539,3.0,2025-03-24,2025-10-15,0
1145,229,CVE-2018-50465,5.2,2024-08-15,2024-09-06,0
1146,161,CVE-2020-9126,6.5,2025-05-18,2025-12-11,0
1147,227,CVE-2024-9623,7.2,2023-02-26,2023-08-12,1
1148,53,CVE-2022-50998,5.6,2024-11-24,2024-12-14,0
1149,206,CVE-2021-79587,5.4,2023-04-09,2023-07-30,1
1150,6,CVE-2024-82292,9.6,2024-04-09,2024-11-05,0
1151,52,CVE-2018-60516,7.3,2023-12-14,2024-07-08,0
1152,265,CVE-2019-2610,6.8,2023-12-03,2024-01-06,1
1153,35,CVE-2020-84540,4.9,2024-08-30,2025-01-30,0
1154,261,CVE-2025-25369,3.8,2023-09-20,2024-01-28,1
1155,125,CVE-2022-77614,6.9,2023-05-21,2023-06-29,0
1156,224,CVE-2022-77502,7.6,2024-06-09,2024-09-15,0
1157,278,CVE-2022-80079,6.0,2025-03-05,2025-07-10,0
1158,176,CVE-2020-8512,7.3,2023-10-26,2024-03-13,0
1159,122,CVE-2024-46064,7.4,2024-06-03,2024-06-23,0
1160,101,CVE-2019-45767,7.7,2023-07-25,2023-09-21,0
1161,97,CVE-2025-79612,3.0,2024-11-14,2025-05-17,0
1162,170,CVE-2022-55879,5.3,2025-05-22,2025-08-22,1
1163,169,CVE-2018-66002,7.0,2023-06-16,2024-02-02,0
1164,113,CVE-2021-62149,6.1,2023-01-04,2023-07-07,0
1165,110,CVE-2023-98003,7.4,2023-09-02,2024-03-23,0
1166,193,CVE-2018-48555,6.8,2023-07-30,2024-03-04,1
1167,6,CVE-2019-19664,1.7,2023-03-17,2023-08-13,0
1168,149,CVE-2023-6754,8.2,2024-03-26,2024-08-29,1
1169,16,CVE-2021-35340,5.0,2023-07-23,2023-09-12,0
1170,90,CVE-2021-3817,4.3,2023-12-14,2024-02-04,1
1171,91,CVE-2018-89795,8.1,2025-05-13,2025-06-14,0
1172,71,CVE-2019-45352,7.2,2024-01-24,2024-09-13,0
1173,108,CVE-2023-87626,8.4,2023-11-09,2024-02-18,1
1174,88,CVE-2019-16531,6.5,2024-06-23,2024-10-19,0
1175,74,CVE-2024-92010,5.3,2023-05-14,2023-10-04,0
1176,192,CVE-2021-7054,6.3,2023-11-22,2024-05-09,0
1177,97,CVE-2020-43949,3.9,2025-05-24,2025-12-19,0
1178,127,CVE-2020-67619,3.3,2023-02-24,2023-05-13,0
1179,300,CVE-2025-87966,4.7,2024-05-15,2024-06-11,0
1180,34,CVE-2023-66350,9.1,2023-06-21,2024-01-06,0
1181,266,CVE-2023-69875,4.9,2024-04-20,2024-10-26,0
1182,248,CVE-2024-84637,2.6,2025-01-02,2025-03-18,0
1183,299,CVE-2021-60255,5.7,2024-10-27,2024-12-29,1
1184,121,CVE-2024-75890,4.9,2024-02-10,2024-06-04,0
1185,81,CVE-2019-18606,8.2,2025-05-12,2025-10-06,0
1186,44,CVE-2021-77541,8.9,2023-10-30,2024-02-04,0
1187,22,CVE-2024-60133,5.2,2024-04-21,2024-07-23,0
1188,240,CVE-2025-42552,6.5,2024-03-18,2024-10-16,0
1189,140,CVE-2021-35815,6.7,2024-01-27,2024-05-26,0
1190,39,CVE-2019-37231,5.9,2024-01-03,2024-08-12,0
1191,117,CVE-2018-72568,5.5,2023-04-11,2023-07-19,0
1192,103,CVE-2022-40677,4.2,2023-12-08,2024-03-08,0
1193,141,CVE-2022-2118,2.3,2023-07-15,2023-08-26,0
1194,154,CVE-2024-77015,4.1,2023-10-16,2024-02-03,0
1195,7,CVE-2020-53101,5.8,2024-04-28,2024-11-15,0
1196,117,CVE-2025-31634,3.1,2023-08-21,2023-10-20,0
1197,265,CVE-2025-45650,6.4,2024-08-24,2024-12-28,0
1198,44,CVE-2024-28470,6.1,2023-11-17,2024-06-08,0
1199,225,CVE-2020-76695,4.9,2024-04-05,2024-07-16,0
1200,66,CVE-2023-45541,5.5,2023-11-09,2024-03-22,0
